{"cameraMode":{"drawMode":0,"name":"Shaded","section":"Shading Mode"},"sceneLighting":false,"audioPlay":false,"sceneViewState":{"m_AlwaysRefresh":false,"showFog":true,"showSkybox":false,"showFlares":true,"showImageEffects":true,"showParticleSystems":true,"showVisualEffectGraphs":true,"m_FxEnabled":false},"in2DMode":false,"pivot":{"x":-0.13633950054645539,"y":-20.452917098999025,"z":9.678468704223633},"rotation":{"x":-0.4567210078239441,"y":-0.0034717267844825985,"z":0.0017823647940531374,"w":-0.8896018266677856},"size":48.773780822753909,"orthographic":false}